Entity,year,value1
Afghanistan,1990,2.06
Afghanistan,1991,
Afghanistan,1992,
Afghanistan,1993,
Afghanistan,1994,
Afghanistan,1995,2.4
Afghanistan,1996,
Afghanistan,1997,
Afghanistan,1998,
Afghanistan,1999,
Afghanistan,2000,3.03
Afghanistan,2001,
Afghanistan,2002,
Afghanistan,2003,
Afghanistan,2004,
Afghanistan,2005,3.32
Afghanistan,2006,
Afghanistan,2007,
Afghanistan,2008,
Afghanistan,2009,
Afghanistan,2010,3.93
Afghanistan,2011,
Afghanistan,2012,
Afghanistan,2013,
Afghanistan,2014,
Afghanistan,2015,4.81
Afghanistan,2016,
Afghanistan,2017,
Afghanistan,2018,
Afghanistan,2019,
Afghanistan,2020,5.69
Africa,1990,4.1424775
Africa,1991,
Africa,1992,
Africa,1993,
Africa,1994,
Africa,1995,4.7085795
Africa,1996,
Africa,1997,
Africa,1998,
Africa,1999,
Africa,2000,5.012495
Africa,2001,
Africa,2002,
Africa,2003,
Africa,2004,
Africa,2005,5.4465013
Africa,2006,
Africa,2007,
Africa,2008,
Africa,2009,
Africa,2010,5.890455
Africa,2011,
Africa,2012,
Africa,2013,
Africa,2014,
Africa,2015,6.1954384
Africa,2016,
Africa,2017,
Africa,2018,
Africa,2019,
Africa,2020,6.6818657
Albania,1990,8.61
Albania,1991,
Albania,1992,
Albania,1993,
Albania,1994,
Albania,1995,8.54
Albania,1996,
Albania,1997,
Albania,1998,
Albania,1999,
Albania,2000,9.93
Albania,2001,
Albania,2002,
Albania,2003,
Albania,2004,
Albania,2005,10.24
Albania,2006,
Albania,2007,
Albania,2008,
Albania,2009,
Albania,2010,10.44
Albania,2011,
Albania,2012,
Albania,2013,
Albania,2014,
Albania,2015,9.99
Albania,2016,
Albania,2017,
Albania,2018,
Albania,2019,
Albania,2020,10.32
Algeria,1990,5.05
Algeria,1991,
Algeria,1992,
Algeria,1993,
Algeria,1994,
Algeria,1995,5.76
Algeria,1996,
Algeria,1997,
Algeria,1998,
Algeria,1999,
Algeria,2000,6.06
Algeria,2001,
Algeria,2002,
Algeria,2003,
Algeria,2004,
Algeria,2005,6.43
Algeria,2006,
Algeria,2007,
Algeria,2008,
Algeria,2009,
Algeria,2010,7
Algeria,2011,
Algeria,2012,
Algeria,2013,
Algeria,2014,
Algeria,2015,7.55
Algeria,2016,
Algeria,2017,
Algeria,2018,
Algeria,2019,
Algeria,2020,8.18
Argentina,1990,8.67
Argentina,1991,
Argentina,1992,
Argentina,1993,
Argentina,1994,
Argentina,1995,8.91
Argentina,1996,
Argentina,1997,
Argentina,1998,
Argentina,1999,
Argentina,2000,9.08
Argentina,2001,
Argentina,2002,
Argentina,2003,
Argentina,2004,
Argentina,2005,9.57
Argentina,2006,
Argentina,2007,
Argentina,2008,
Argentina,2009,
Argentina,2010,9.71
Argentina,2011,
Argentina,2012,
Argentina,2013,
Argentina,2014,
Argentina,2015,9.59
Argentina,2016,
Argentina,2017,
Argentina,2018,
Argentina,2019,
Argentina,2020,9.86
Asia,1990,5.3408546
Asia,1991,
Asia,1992,
Asia,1993,
Asia,1994,
Asia,1995,5.9571357
Asia,1996,
Asia,1997,
Asia,1998,
Asia,1999,
Asia,2000,6.6289124
Asia,2001,
Asia,2002,
Asia,2003,
Asia,2004,
Asia,2005,7.1300015
Asia,2006,
Asia,2007,
Asia,2008,
Asia,2009,
Asia,2010,7.6118946
Asia,2011,
Asia,2012,
Asia,2013,
Asia,2014,
Asia,2015,8.116568
Asia,2016,
Asia,2017,
Asia,2018,
Asia,2019,
Asia,2020,8.571011
Australia,1990,11.44
Australia,1991,
Australia,1992,
Australia,1993,
Australia,1994,
Australia,1995,11.51
Australia,1996,
Australia,1997,
Australia,1998,
Australia,1999,
Australia,2000,11.37
Australia,2001,
Australia,2002,
Australia,2003,
Australia,2004,
Australia,2005,11.71
Australia,2006,
Australia,2007,
Australia,2008,
Australia,2009,
Australia,2010,11.69
Australia,2011,
Australia,2012,
Australia,2013,
Australia,2014,
Australia,2015,12.92
Australia,2016,
Australia,2017,
Australia,2018,
Australia,2019,
Australia,2020,12.93
Austria,1990,8.26
Austria,1991,
Austria,1992,
Austria,1993,
Austria,1994,
Austria,1995,8.93
Austria,1996,
Austria,1997,
Austria,1998,
Austria,1999,
Austria,2000,9.43
Austria,2001,
Austria,2002,
Austria,2003,
Austria,2004,
Austria,2005,9.89
Austria,2006,
Austria,2007,
Austria,2008,
Austria,2009,
Austria,2010,10.13
Austria,2011,
Austria,2012,
Austria,2013,
Austria,2014,
Austria,2015,10.27
Austria,2016,
Austria,2017,
Austria,2018,
Austria,2019,
Austria,2020,10.39
Bangladesh,1990,3.15
Bangladesh,1991,
Bangladesh,1992,
Bangladesh,1993,
Bangladesh,1994,
Bangladesh,1995,3.72
Bangladesh,1996,
Bangladesh,1997,
Bangladesh,1998,
Bangladesh,1999,
Bangladesh,2000,4.77
Bangladesh,2001,
Bangladesh,2002,
Bangladesh,2003,
Bangladesh,2004,
Bangladesh,2005,5.51
Bangladesh,2006,
Bangladesh,2007,
Bangladesh,2008,
Bangladesh,2009,
Bangladesh,2010,6.22
Bangladesh,2011,
Bangladesh,2012,
Bangladesh,2013,
Bangladesh,2014,
Bangladesh,2015,6.76
Bangladesh,2016,
Bangladesh,2017,
Bangladesh,2018,
Bangladesh,2019,
Bangladesh,2020,7.23
Barbados,1990,8.79
Barbados,1991,
Barbados,1992,
Barbados,1993,
Barbados,1994,
Barbados,1995,9.07
Barbados,1996,
Barbados,1997,
Barbados,1998,
Barbados,1999,
Barbados,2000,9.23
Barbados,2001,
Barbados,2002,
Barbados,2003,
Barbados,2004,
Barbados,2005,9.41
Barbados,2006,
Barbados,2007,
Barbados,2008,
Barbados,2009,
Barbados,2010,9.57
Barbados,2011,
Barbados,2012,
Barbados,2013,
Barbados,2014,
Barbados,2015,9.46
Barbados,2016,
Barbados,2017,
Barbados,2018,
Barbados,2019,
Barbados,2020,9.67
Belgium,1990,10
Belgium,1991,
Belgium,1992,
Belgium,1993,
Belgium,1994,
Belgium,1995,10.64
Belgium,1996,
Belgium,1997,
Belgium,1998,
Belgium,1999,
Belgium,2000,10.95
Belgium,2001,
Belgium,2002,
Belgium,2003,
Belgium,2004,
Belgium,2005,11.11
Belgium,2006,
Belgium,2007,
Belgium,2008,
Belgium,2009,
Belgium,2010,11.29
Belgium,2011,
Belgium,2012,
Belgium,2013,
Belgium,2014,
Belgium,2015,11.36
Belgium,2016,
Belgium,2017,
Belgium,2018,
Belgium,2019,
Belgium,2020,11.57
Belize,1990,8.97
Belize,1991,
Belize,1992,
Belize,1993,
Belize,1994,
Belize,1995,9.62
Belize,1996,
Belize,1997,
Belize,1998,
Belize,1999,
Belize,2000,10.19
Belize,2001,
Belize,2002,
Belize,2003,
Belize,2004,
Belize,2005,10.77
Belize,2006,
Belize,2007,
Belize,2008,
Belize,2009,
Belize,2010,11.28
Belize,2011,
Belize,2012,
Belize,2013,
Belize,2014,
Belize,2015,10.56
Belize,2016,
Belize,2017,
Belize,2018,
Belize,2019,
Belize,2020,10.71
Benin,1990,2.24
Benin,1991,
Benin,1992,
Benin,1993,
Benin,1994,
Benin,1995,2.73
Benin,1996,
Benin,1997,
Benin,1998,
Benin,1999,
Benin,2000,3.31
Benin,2001,
Benin,2002,
Benin,2003,
Benin,2004,
Benin,2005,3.85
Benin,2006,
Benin,2007,
Benin,2008,
Benin,2009,
Benin,2010,4.57
Benin,2011,
Benin,2012,
Benin,2013,
Benin,2014,
Benin,2015,5.42
Benin,2016,
Benin,2017,
Benin,2018,
Benin,2019,
Benin,2020,6.27
Bolivia,1990,7.63
Bolivia,1991,
Bolivia,1992,
Bolivia,1993,
Bolivia,1994,
Bolivia,1995,8.09
Bolivia,1996,
Bolivia,1997,
Bolivia,1998,
Bolivia,1999,
Bolivia,2000,8.73
Bolivia,2001,
Bolivia,2002,
Bolivia,2003,
Bolivia,2004,
Bolivia,2005,8.77
Bolivia,2006,
Bolivia,2007,
Bolivia,2008,
Bolivia,2009,
Bolivia,2010,8.57
Bolivia,2011,
Bolivia,2012,
Bolivia,2013,
Bolivia,2014,
Bolivia,2015,8.62
Bolivia,2016,
Bolivia,2017,
Bolivia,2018,
Bolivia,2019,
Bolivia,2020,9.06
Brazil,1990,4.94
Brazil,1991,
Brazil,1992,
Brazil,1993,
Brazil,1994,
Brazil,1995,5.79
Brazil,1996,
Brazil,1997,
Brazil,1998,
Brazil,1999,
Brazil,2000,6.76
Brazil,2001,
Brazil,2002,
Brazil,2003,
Brazil,2004,
Brazil,2005,7.67
Brazil,2006,
Brazil,2007,
Brazil,2008,
Brazil,2009,
Brazil,2010,8.17
Brazil,2011,
Brazil,2012,
Brazil,2013,
Brazil,2014,
Brazil,2015,7.66
Brazil,2016,
Brazil,2017,
Brazil,2018,
Brazil,2019,
Brazil,2020,8
Bulgaria,1990,8.68
Bulgaria,1991,
Bulgaria,1992,
Bulgaria,1993,
Bulgaria,1994,
Bulgaria,1995,9.31
Bulgaria,1996,
Bulgaria,1997,
Bulgaria,1998,
Bulgaria,1999,
Bulgaria,2000,9.65
Bulgaria,2001,
Bulgaria,2002,
Bulgaria,2003,
Bulgaria,2004,
Bulgaria,2005,10.61
Bulgaria,2006,
Bulgaria,2007,
Bulgaria,2008,
Bulgaria,2009,
Bulgaria,2010,11.07
Bulgaria,2011,
Bulgaria,2012,
Bulgaria,2013,
Bulgaria,2014,
Bulgaria,2015,10.71
Bulgaria,2016,
Bulgaria,2017,
Bulgaria,2018,
Bulgaria,2019,
Bulgaria,2020,10.75
Cambodia,1990,3.2
Cambodia,1991,
Cambodia,1992,
Cambodia,1993,
Cambodia,1994,
Cambodia,1995,3.41
Cambodia,1996,
Cambodia,1997,
Cambodia,1998,
Cambodia,1999,
Cambodia,2000,3.64
Cambodia,2001,
Cambodia,2002,
Cambodia,2003,
Cambodia,2004,
Cambodia,2005,4.26
Cambodia,2006,
Cambodia,2007,
Cambodia,2008,
Cambodia,2009,
Cambodia,2010,4.94
Cambodia,2011,
Cambodia,2012,
Cambodia,2013,
Cambodia,2014,
Cambodia,2015,5.32
Cambodia,2016,
Cambodia,2017,
Cambodia,2018,
Cambodia,2019,
Cambodia,2020,5.81
Cameroon,1990,4.65
Cameroon,1991,
Cameroon,1992,
Cameroon,1993,
Cameroon,1994,
Cameroon,1995,5.3
Cameroon,1996,
Cameroon,1997,
Cameroon,1998,
Cameroon,1999,
Cameroon,2000,5.76
Cameroon,2001,
Cameroon,2002,
Cameroon,2003,
Cameroon,2004,
Cameroon,2005,6.06
Cameroon,2006,
Cameroon,2007,
Cameroon,2008,
Cameroon,2009,
Cameroon,2010,6.41
Cameroon,2011,
Cameroon,2012,
Cameroon,2013,
Cameroon,2014,
Cameroon,2015,7.05
Cameroon,2016,
Cameroon,2017,
Cameroon,2018,
Cameroon,2019,
Cameroon,2020,7.37
Canada,1990,10.71
Canada,1991,
Canada,1992,
Canada,1993,
Canada,1994,
Canada,1995,11.11
Canada,1996,
Canada,1997,
Canada,1998,
Canada,1999,
Canada,2000,11.39
Canada,2001,
Canada,2002,
Canada,2003,
Canada,2004,
Canada,2005,12.49
Canada,2006,
Canada,2007,
Canada,2008,
Canada,2009,
Canada,2010,12.74
Canada,2011,
Canada,2012,
Canada,2013,
Canada,2014,
Canada,2015,12.83
Canada,2016,
Canada,2017,
Canada,2018,
Canada,2019,
Canada,2020,12.93
Chile,1990,8.58
Chile,1991,
Chile,1992,
Chile,1993,
Chile,1994,
Chile,1995,8.92
Chile,1996,
Chile,1997,
Chile,1998,
Chile,1999,
Chile,2000,9.41
Chile,2001,
Chile,2002,
Chile,2003,
Chile,2004,
Chile,2005,9.96
Chile,2006,
Chile,2007,
Chile,2008,
Chile,2009,
Chile,2010,10.35
Chile,2011,
Chile,2012,
Chile,2013,
Chile,2014,
Chile,2015,10.49
Chile,2016,
Chile,2017,
Chile,2018,
Chile,2019,
Chile,2020,10.74
China,1990,6.45
China,1991,
China,1992,
China,1993,
China,1994,
China,1995,7.17
China,1996,
China,1997,
China,1998,
China,1999,
China,2000,7.79
China,2001,
China,2002,
China,2003,
China,2004,
China,2005,8.02
China,2006,
China,2007,
China,2008,
China,2009,
China,2010,8.25
China,2011,
China,2012,
China,2013,
China,2014,
China,2015,8.51
China,2016,
China,2017,
China,2018,
China,2019,
China,2020,8.99
Colombia,1990,6.16
Colombia,1991,
Colombia,1992,
Colombia,1993,
Colombia,1994,
Colombia,1995,6.68
Colombia,1996,
Colombia,1997,
Colombia,1998,
Colombia,1999,
Colombia,2000,7.12
Colombia,2001,
Colombia,2002,
Colombia,2003,
Colombia,2004,
Colombia,2005,7.56
Colombia,2006,
Colombia,2007,
Colombia,2008,
Colombia,2009,
Colombia,2010,9.35
Colombia,2011,
Colombia,2012,
Colombia,2013,
Colombia,2014,
Colombia,2015,9.78
Colombia,2016,
Colombia,2017,
Colombia,2018,
Colombia,2019,
Colombia,2020,10.2
Costa Rica,1990,7.28
Costa Rica,1991,
Costa Rica,1992,
Costa Rica,1993,
Costa Rica,1994,
Costa Rica,1995,7.61
Costa Rica,1996,
Costa Rica,1997,
Costa Rica,1998,
Costa Rica,1999,
Costa Rica,2000,7.96
Costa Rica,2001,
Costa Rica,2002,
Costa Rica,2003,
Costa Rica,2004,
Costa Rica,2005,8.52
Costa Rica,2006,
Costa Rica,2007,
Costa Rica,2008,
Costa Rica,2009,
Costa Rica,2010,8.43
Costa Rica,2011,
Costa Rica,2012,
Costa Rica,2013,
Costa Rica,2014,
Costa Rica,2015,8.77
Costa Rica,2016,
Costa Rica,2017,
Costa Rica,2018,
Costa Rica,2019,
Costa Rica,2020,9.12
Cote d'Ivoire,1990,2.79
Cote d'Ivoire,1991,
Cote d'Ivoire,1992,
Cote d'Ivoire,1993,
Cote d'Ivoire,1994,
Cote d'Ivoire,1995,3.46
Cote d'Ivoire,1996,
Cote d'Ivoire,1997,
Cote d'Ivoire,1998,
Cote d'Ivoire,1999,
Cote d'Ivoire,2000,4.06
Cote d'Ivoire,2001,
Cote d'Ivoire,2002,
Cote d'Ivoire,2003,
Cote d'Ivoire,2004,
Cote d'Ivoire,2005,4.52
Cote d'Ivoire,2006,
Cote d'Ivoire,2007,
Cote d'Ivoire,2008,
Cote d'Ivoire,2009,
Cote d'Ivoire,2010,4.93
Cote d'Ivoire,2011,
Cote d'Ivoire,2012,
Cote d'Ivoire,2013,
Cote d'Ivoire,2014,
Cote d'Ivoire,2015,5.4
Cote d'Ivoire,2016,
Cote d'Ivoire,2017,
Cote d'Ivoire,2018,
Cote d'Ivoire,2019,
Cote d'Ivoire,2020,6.05
Cuba,1990,9.21
Cuba,1991,
Cuba,1992,
Cuba,1993,
Cuba,1994,
Cuba,1995,9.58
Cuba,1996,
Cuba,1997,
Cuba,1998,
Cuba,1999,
Cuba,2000,9.88
Cuba,2001,
Cuba,2002,
Cuba,2003,
Cuba,2004,
Cuba,2005,10.36
Cuba,2006,
Cuba,2007,
Cuba,2008,
Cuba,2009,
Cuba,2010,11.06
Cuba,2011,
Cuba,2012,
Cuba,2013,
Cuba,2014,
Cuba,2015,11.12
Cuba,2016,
Cuba,2017,
Cuba,2018,
Cuba,2019,
Cuba,2020,11.61
Cyprus,1990,9.85
Cyprus,1991,
Cyprus,1992,
Cyprus,1993,
Cyprus,1994,
Cyprus,1995,10.28
Cyprus,1996,
Cyprus,1997,
Cyprus,1998,
Cyprus,1999,
Cyprus,2000,10.82
Cyprus,2001,
Cyprus,2002,
Cyprus,2003,
Cyprus,2004,
Cyprus,2005,10.19
Cyprus,2006,
Cyprus,2007,
Cyprus,2008,
Cyprus,2009,
Cyprus,2010,11.76
Cyprus,2011,
Cyprus,2012,
Cyprus,2013,
Cyprus,2014,
Cyprus,2015,12.1
Cyprus,2016,
Cyprus,2017,
Cyprus,2018,
Cyprus,2019,
Cyprus,2020,12.42
Czechia,1990,11.35
Czechia,1991,
Czechia,1992,
Czechia,1993,
Czechia,1994,
Czechia,1995,12.3
Czechia,1996,
Czechia,1997,
Czechia,1998,
Czechia,1999,
Czechia,2000,12.78
Czechia,2001,
Czechia,2002,
Czechia,2003,
Czechia,2004,
Czechia,2005,12.81
Czechia,2006,
Czechia,2007,
Czechia,2008,
Czechia,2009,
Czechia,2010,12.8
Czechia,2011,
Czechia,2012,
Czechia,2013,
Czechia,2014,
Czechia,2015,12.93
Czechia,2016,
Czechia,2017,
Czechia,2018,
Czechia,2019,
Czechia,2020,12.93
Democratic Republic of Congo,1990,3.31
Democratic Republic of Congo,1991,
Democratic Republic of Congo,1992,
Democratic Republic of Congo,1993,
Democratic Republic of Congo,1994,
Democratic Republic of Congo,1995,3.52
Democratic Republic of Congo,1996,
Democratic Republic of Congo,1997,
Democratic Republic of Congo,1998,
Democratic Republic of Congo,1999,
Democratic Republic of Congo,2000,3.51
Democratic Republic of Congo,2001,
Democratic Republic of Congo,2002,
Democratic Republic of Congo,2003,
Democratic Republic of Congo,2004,
Democratic Republic of Congo,2005,3.63
Democratic Republic of Congo,2006,
Democratic Republic of Congo,2007,
Democratic Republic of Congo,2008,
Democratic Republic of Congo,2009,
Democratic Republic of Congo,2010,3.79
Democratic Republic of Congo,2011,
Democratic Republic of Congo,2012,
Democratic Republic of Congo,2013,
Democratic Republic of Congo,2014,
Democratic Republic of Congo,2015,4.3
Democratic Republic of Congo,2016,
Democratic Republic of Congo,2017,
Democratic Republic of Congo,2018,
Democratic Republic of Congo,2019,
Democratic Republic of Congo,2020,4.85
Denmark,1990,10.48
Denmark,1991,
Denmark,1992,
Denmark,1993,
Denmark,1994,
Denmark,1995,11.04
Denmark,1996,
Denmark,1997,
Denmark,1998,
Denmark,1999,
Denmark,2000,11.5
Denmark,2001,
Denmark,2002,
Denmark,2003,
Denmark,2004,
Denmark,2005,11.81
Denmark,2006,
Denmark,2007,
Denmark,2008,
Denmark,2009,
Denmark,2010,11.97
Denmark,2011,
Denmark,2012,
Denmark,2013,
Denmark,2014,
Denmark,2015,11.67
Denmark,2016,
Denmark,2017,
Denmark,2018,
Denmark,2019,
Denmark,2020,11.69
Dominican Republic,1990,6.13
Dominican Republic,1991,
Dominican Republic,1992,
Dominican Republic,1993,
Dominican Republic,1994,
Dominican Republic,1995,6.58
Dominican Republic,1996,
Dominican Republic,1997,
Dominican Republic,1998,
Dominican Republic,1999,
Dominican Republic,2000,7.03
Dominican Republic,2001,
Dominican Republic,2002,
Dominican Republic,2003,
Dominican Republic,2004,
Dominican Republic,2005,7.54
Dominican Republic,2006,
Dominican Republic,2007,
Dominican Republic,2008,
Dominican Republic,2009,
Dominican Republic,2010,8.12
Dominican Republic,2011,
Dominican Republic,2012,
Dominican Republic,2013,
Dominican Republic,2014,
Dominican Republic,2015,8.48
Dominican Republic,2016,
Dominican Republic,2017,
Dominican Republic,2018,
Dominican Republic,2019,
Dominican Republic,2020,9.04
Ecuador,1990,7.23
Ecuador,1991,
Ecuador,1992,
Ecuador,1993,
Ecuador,1994,
Ecuador,1995,7.32
Ecuador,1996,
Ecuador,1997,
Ecuador,1998,
Ecuador,1999,
Ecuador,2000,7.41
Ecuador,2001,
Ecuador,2002,
Ecuador,2003,
Ecuador,2004,
Ecuador,2005,7.7
Ecuador,2006,
Ecuador,2007,
Ecuador,2008,
Ecuador,2009,
Ecuador,2010,8.02
Ecuador,2011,
Ecuador,2012,
Ecuador,2013,
Ecuador,2014,
Ecuador,2015,8.54
Ecuador,2016,
Ecuador,2017,
Ecuador,2018,
Ecuador,2019,
Ecuador,2020,9.07
Egypt,1990,4.6
Egypt,1991,
Egypt,1992,
Egypt,1993,
Egypt,1994,
Egypt,1995,5.36
Egypt,1996,
Egypt,1997,
Egypt,1998,
Egypt,1999,
Egypt,2000,6.3
Egypt,2001,
Egypt,2002,
Egypt,2003,
Egypt,2004,
Egypt,2005,6.93
Egypt,2006,
Egypt,2007,
Egypt,2008,
Egypt,2009,
Egypt,2010,7.44
Egypt,2011,
Egypt,2012,
Egypt,2013,
Egypt,2014,
Egypt,2015,7.53
Egypt,2016,
Egypt,2017,
Egypt,2018,
Egypt,2019,
Egypt,2020,8.01
El Salvador,1990,5.08
El Salvador,1991,
El Salvador,1992,
El Salvador,1993,
El Salvador,1994,
El Salvador,1995,5.8
El Salvador,1996,
El Salvador,1997,
El Salvador,1998,
El Salvador,1999,
El Salvador,2000,7.04
El Salvador,2001,
El Salvador,2002,
El Salvador,2003,
El Salvador,2004,
El Salvador,2005,8.08
El Salvador,2006,
El Salvador,2007,
El Salvador,2008,
El Salvador,2009,
El Salvador,2010,8.06
El Salvador,2011,
El Salvador,2012,
El Salvador,2013,
El Salvador,2014,
El Salvador,2015,7.67
El Salvador,2016,
El Salvador,2017,
El Salvador,2018,
El Salvador,2019,
El Salvador,2020,8.1
Eswatini,1990,5.28
Eswatini,1991,
Eswatini,1992,
Eswatini,1993,
Eswatini,1994,
Eswatini,1995,5.2
Eswatini,1996,
Eswatini,1997,
Eswatini,1998,
Eswatini,1999,
Eswatini,2000,4.62
Eswatini,2001,
Eswatini,2002,
Eswatini,2003,
Eswatini,2004,
Eswatini,2005,4.64
Eswatini,2006,
Eswatini,2007,
Eswatini,2008,
Eswatini,2009,
Eswatini,2010,5.33
Eswatini,2011,
Eswatini,2012,
Eswatini,2013,
Eswatini,2014,
Eswatini,2015,5.77
Eswatini,2016,
Eswatini,2017,
Eswatini,2018,
Eswatini,2019,
Eswatini,2020,6.46
Europe,1990,9.28623
Europe,1991,
Europe,1992,
Europe,1993,
Europe,1994,
Europe,1995,9.9699335
Europe,1996,
Europe,1997,
Europe,1998,
Europe,1999,
Europe,2000,10.59524
Europe,2001,
Europe,2002,
Europe,2003,
Europe,2004,
Europe,2005,11.250854
Europe,2006,
Europe,2007,
Europe,2008,
Europe,2009,
Europe,2010,11.683311
Europe,2011,
Europe,2012,
Europe,2013,
Europe,2014,
Europe,2015,11.717827
Europe,2016,
Europe,2017,
Europe,2018,
Europe,2019,
Europe,2020,11.9022875
Fiji,1990,9.24
Fiji,1991,
Fiji,1992,
Fiji,1993,
Fiji,1994,
Fiji,1995,10.28
Fiji,1996,
Fiji,1997,
Fiji,1998,
Fiji,1999,
Fiji,2000,9.97
Fiji,2001,
Fiji,2002,
Fiji,2003,
Fiji,2004,
Fiji,2005,9.76
Fiji,2006,
Fiji,2007,
Fiji,2008,
Fiji,2009,
Fiji,2010,10.35
Fiji,2011,
Fiji,2012,
Fiji,2013,
Fiji,2014,
Fiji,2015,11.09
Fiji,2016,
Fiji,2017,
Fiji,2018,
Fiji,2019,
Fiji,2020,11.52
Finland,1990,8.56
Finland,1991,
Finland,1992,
Finland,1993,
Finland,1994,
Finland,1995,9.31
Finland,1996,
Finland,1997,
Finland,1998,
Finland,1999,
Finland,2000,9.9
Finland,2001,
Finland,2002,
Finland,2003,
Finland,2004,
Finland,2005,10.42
Finland,2006,
Finland,2007,
Finland,2008,
Finland,2009,
Finland,2010,10.71
Finland,2011,
Finland,2012,
Finland,2013,
Finland,2014,
Finland,2015,10.94
Finland,2016,
Finland,2017,
Finland,2018,
Finland,2019,
Finland,2020,11.05
France,1990,8.32
France,1991,
France,1992,
France,1993,
France,1994,
France,1995,9.36
France,1996,
France,1997,
France,1998,
France,1999,
France,2000,10.22
France,2001,
France,2002,
France,2003,
France,2004,
France,2005,10.86
France,2006,
France,2007,
France,2008,
France,2009,
France,2010,11.34
France,2011,
France,2012,
France,2013,
France,2014,
France,2015,11.6
France,2016,
France,2017,
France,2018,
France,2019,
France,2020,11.89
Gambia,1990,1.85
Gambia,1991,
Gambia,1992,
Gambia,1993,
Gambia,1994,
Gambia,1995,2.33
Gambia,1996,
Gambia,1997,
Gambia,1998,
Gambia,1999,
Gambia,2000,2.77
Gambia,2001,
Gambia,2002,
Gambia,2003,
Gambia,2004,
Gambia,2005,3.39
Gambia,2006,
Gambia,2007,
Gambia,2008,
Gambia,2009,
Gambia,2010,3.92
Gambia,2011,
Gambia,2012,
Gambia,2013,
Gambia,2014,
Gambia,2015,4.42
Gambia,2016,
Gambia,2017,
Gambia,2018,
Gambia,2019,
Gambia,2020,4.92
Germany,1990,8.96
Germany,1991,
Germany,1992,
Germany,1993,
Germany,1994,
Germany,1995,9.93
Germany,1996,
Germany,1997,
Germany,1998,
Germany,1999,
Germany,2000,10.59
Germany,2001,
Germany,2002,
Germany,2003,
Germany,2004,
Germany,2005,11.98
Germany,2006,
Germany,2007,
Germany,2008,
Germany,2009,
Germany,2010,12.58
Germany,2011,
Germany,2012,
Germany,2013,
Germany,2014,
Germany,2015,12.86
Germany,2016,
Germany,2017,
Germany,2018,
Germany,2019,
Germany,2020,13.1
Ghana,1990,6.05
Ghana,1991,
Ghana,1992,
Ghana,1993,
Ghana,1994,
Ghana,1995,6.27
Ghana,1996,
Ghana,1997,
Ghana,1998,
Ghana,1999,
Ghana,2000,6.67
Ghana,2001,
Ghana,2002,
Ghana,2003,
Ghana,2004,
Ghana,2005,7.28
Ghana,2006,
Ghana,2007,
Ghana,2008,
Ghana,2009,
Ghana,2010,7.66
Ghana,2011,
Ghana,2012,
Ghana,2013,
Ghana,2014,
Ghana,2015,7.72
Ghana,2016,
Ghana,2017,
Ghana,2018,
Ghana,2019,
Ghana,2020,8.39
Greece,1990,9.34
Greece,1991,
Greece,1992,
Greece,1993,
Greece,1994,
Greece,1995,9.54
Greece,1996,
Greece,1997,
Greece,1998,
Greece,1999,
Greece,2000,9.9
Greece,2001,
Greece,2002,
Greece,2003,
Greece,2004,
Greece,2005,10.95
Greece,2006,
Greece,2007,
Greece,2008,
Greece,2009,
Greece,2010,11.36
Greece,2011,
Greece,2012,
Greece,2013,
Greece,2014,
Greece,2015,11.6
Greece,2016,
Greece,2017,
Greece,2018,
Greece,2019,
Greece,2020,11.86
Guatemala,1990,3.66
Guatemala,1991,
Guatemala,1992,
Guatemala,1993,
Guatemala,1994,
Guatemala,1995,3.96
Guatemala,1996,
Guatemala,1997,
Guatemala,1998,
Guatemala,1999,
Guatemala,2000,4.35
Guatemala,2001,
Guatemala,2002,
Guatemala,2003,
Guatemala,2004,
Guatemala,2005,4.33
Guatemala,2006,
Guatemala,2007,
Guatemala,2008,
Guatemala,2009,
Guatemala,2010,5.21
Guatemala,2011,
Guatemala,2012,
Guatemala,2013,
Guatemala,2014,
Guatemala,2015,5.72
Guatemala,2016,
Guatemala,2017,
Guatemala,2018,
Guatemala,2019,
Guatemala,2020,6.26
Guyana,1990,7.27
Guyana,1991,
Guyana,1992,
Guyana,1993,
Guyana,1994,
Guyana,1995,7.92
Guyana,1996,
Guyana,1997,
Guyana,1998,
Guyana,1999,
Guyana,2000,8.43
Guyana,2001,
Guyana,2002,
Guyana,2003,
Guyana,2004,
Guyana,2005,8.79
Guyana,2006,
Guyana,2007,
Guyana,2008,
Guyana,2009,
Guyana,2010,9
Guyana,2011,
Guyana,2012,
Guyana,2013,
Guyana,2014,
Guyana,2015,8.32
Guyana,2016,
Guyana,2017,
Guyana,2018,
Guyana,2019,
Guyana,2020,8.52
Haiti,1990,3.56
Haiti,1991,
Haiti,1992,
Haiti,1993,
Haiti,1994,
Haiti,1995,4.06
Haiti,1996,
Haiti,1997,
Haiti,1998,
Haiti,1999,
Haiti,2000,4.44
Haiti,2001,
Haiti,2002,
Haiti,2003,
Haiti,2004,
Haiti,2005,4.9
Haiti,2006,
Haiti,2007,
Haiti,2008,
Haiti,2009,
Haiti,2010,5.17
Haiti,2011,
Haiti,2012,
Haiti,2013,
Haiti,2014,
Haiti,2015,5.5
Haiti,2016,
Haiti,2017,
Haiti,2018,
Haiti,2019,
Haiti,2020,5.95
Honduras,1990,5.07
Honduras,1991,
Honduras,1992,
Honduras,1993,
Honduras,1994,
Honduras,1995,5.47
Honduras,1996,
Honduras,1997,
Honduras,1998,
Honduras,1999,
Honduras,2000,5.87
Honduras,2001,
Honduras,2002,
Honduras,2003,
Honduras,2004,
Honduras,2005,6.24
Honduras,2006,
Honduras,2007,
Honduras,2008,
Honduras,2009,
Honduras,2010,6.6
Honduras,2011,
Honduras,2012,
Honduras,2013,
Honduras,2014,
Honduras,2015,7.04
Honduras,2016,
Honduras,2017,
Honduras,2018,
Honduras,2019,
Honduras,2020,7.51
Hong Kong,1990,10.08
Hong Kong,1991,
Hong Kong,1992,
Hong Kong,1993,
Hong Kong,1994,
Hong Kong,1995,10.21
Hong Kong,1996,
Hong Kong,1997,
Hong Kong,1998,
Hong Kong,1999,
Hong Kong,2000,10.37
Hong Kong,2001,
Hong Kong,2002,
Hong Kong,2003,
Hong Kong,2004,
Hong Kong,2005,12.17
Hong Kong,2006,
Hong Kong,2007,
Hong Kong,2008,
Hong Kong,2009,
Hong Kong,2010,12.2
Hong Kong,2011,
Hong Kong,2012,
Hong Kong,2013,
Hong Kong,2014,
Hong Kong,2015,12.32
Hong Kong,2016,
Hong Kong,2017,
Hong Kong,2018,
Hong Kong,2019,
Hong Kong,2020,12.83
Hungary,1990,9.48
Hungary,1991,
Hungary,1992,
Hungary,1993,
Hungary,1994,
Hungary,1995,10.75
Hungary,1996,
Hungary,1997,
Hungary,1998,
Hungary,1999,
Hungary,2000,11.57
Hungary,2001,
Hungary,2002,
Hungary,2003,
Hungary,2004,
Hungary,2005,11.89
Hungary,2006,
Hungary,2007,
Hungary,2008,
Hungary,2009,
Hungary,2010,11.98
Hungary,2011,
Hungary,2012,
Hungary,2013,
Hungary,2014,
Hungary,2015,11.83
Hungary,2016,
Hungary,2017,
Hungary,2018,
Hungary,2019,
Hungary,2020,11.96
Iceland,1990,9.23
Iceland,1991,
Iceland,1992,
Iceland,1993,
Iceland,1994,
Iceland,1995,9.7
Iceland,1996,
Iceland,1997,
Iceland,1998,
Iceland,1999,
Iceland,2000,10.17
Iceland,2001,
Iceland,2002,
Iceland,2003,
Iceland,2004,
Iceland,2005,10.83
Iceland,2006,
Iceland,2007,
Iceland,2008,
Iceland,2009,
Iceland,2010,11.52
Iceland,2011,
Iceland,2012,
Iceland,2013,
Iceland,2014,
Iceland,2015,12.95
Iceland,2016,
Iceland,2017,
Iceland,2018,
Iceland,2019,
Iceland,2020,13.53
India,1990,3.56
India,1991,
India,1992,
India,1993,
India,1994,
India,1995,4.3
India,1996,
India,1997,
India,1998,
India,1999,
India,2000,5.3
India,2001,
India,2002,
India,2003,
India,2004,
India,2005,5.94
India,2006,
India,2007,
India,2008,
India,2009,
India,2010,6.59
India,2011,
India,2012,
India,2013,
India,2014,
India,2015,7.31
India,2016,
India,2017,
India,2018,
India,2019,
India,2020,7.8
Indonesia,1990,4.44
Indonesia,1991,
Indonesia,1992,
Indonesia,1993,
Indonesia,1994,
Indonesia,1995,4.89
Indonesia,1996,
Indonesia,1997,
Indonesia,1998,
Indonesia,1999,
Indonesia,2000,5.41
Indonesia,2001,
Indonesia,2002,
Indonesia,2003,
Indonesia,2004,
Indonesia,2005,6.68
Indonesia,2006,
Indonesia,2007,
Indonesia,2008,
Indonesia,2009,
Indonesia,2010,8.02
Indonesia,2011,
Indonesia,2012,
Indonesia,2013,
Indonesia,2014,
Indonesia,2015,8.5
Indonesia,2016,
Indonesia,2017,
Indonesia,2018,
Indonesia,2019,
Indonesia,2020,9.06
Iran,1990,5.49
Iran,1991,
Iran,1992,
Iran,1993,
Iran,1994,
Iran,1995,6.69
Iran,1996,
Iran,1997,
Iran,1998,
Iran,1999,
Iran,2000,7.66
Iran,2001,
Iran,2002,
Iran,2003,
Iran,2004,
Iran,2005,8.49
Iran,2006,
Iran,2007,
Iran,2008,
Iran,2009,
Iran,2010,9.15
Iran,2011,
Iran,2012,
Iran,2013,
Iran,2014,
Iran,2015,9.37
Iran,2016,
Iran,2017,
Iran,2018,
Iran,2019,
Iran,2020,9.8
Iraq,1990,4.9
Iraq,1991,
Iraq,1992,
Iraq,1993,
Iraq,1994,
Iraq,1995,5.44
Iraq,1996,
Iraq,1997,
Iraq,1998,
Iraq,1999,
Iraq,2000,6.23
Iraq,2001,
Iraq,2002,
Iraq,2003,
Iraq,2004,
Iraq,2005,6.6
Iraq,2006,
Iraq,2007,
Iraq,2008,
Iraq,2009,
Iraq,2010,7.43
Iraq,2011,
Iraq,2012,
Iraq,2013,
Iraq,2014,
Iraq,2015,7.76
Iraq,2016,
Iraq,2017,
Iraq,2018,
Iraq,2019,
Iraq,2020,8.27
Ireland,1990,10.64
Ireland,1991,
Ireland,1992,
Ireland,1993,
Ireland,1994,
Ireland,1995,10.8
Ireland,1996,
Ireland,1997,
Ireland,1998,
Ireland,1999,
Ireland,2000,11.03
Ireland,2001,
Ireland,2002,
Ireland,2003,
Ireland,2004,
Ireland,2005,11.8
Ireland,2006,
Ireland,2007,
Ireland,2008,
Ireland,2009,
Ireland,2010,12.45
Ireland,2011,
Ireland,2012,
Ireland,2013,
Ireland,2014,
Ireland,2015,13.57
Ireland,2016,
Ireland,2017,
Ireland,2018,
Ireland,2019,
Ireland,2020,13.74
Italy,1990,8.32
Italy,1991,
Italy,1992,
Italy,1993,
Italy,1994,
Italy,1995,9.04
Italy,1996,
Italy,1997,
Italy,1998,
Italy,1999,
Italy,2000,9.73
Italy,2001,
Italy,2002,
Italy,2003,
Italy,2004,
Italy,2005,10.2
Italy,2006,
Italy,2007,
Italy,2008,
Italy,2009,
Italy,2010,10.71
Italy,2011,
Italy,2012,
Italy,2013,
Italy,2014,
Italy,2015,11.11
Italy,2016,
Italy,2017,
Italy,2018,
Italy,2019,
Italy,2020,11.51
Jamaica,1990,7.48
Jamaica,1991,
Jamaica,1992,
Jamaica,1993,
Jamaica,1994,
Jamaica,1995,8.55
Jamaica,1996,
Jamaica,1997,
Jamaica,1998,
Jamaica,1999,
Jamaica,2000,9.59
Jamaica,2001,
Jamaica,2002,
Jamaica,2003,
Jamaica,2004,
Jamaica,2005,10.09
Jamaica,2006,
Jamaica,2007,
Jamaica,2008,
Jamaica,2009,
Jamaica,2010,10.33
Jamaica,2011,
Jamaica,2012,
Jamaica,2013,
Jamaica,2014,
Jamaica,2015,9.81
Jamaica,2016,
Jamaica,2017,
Jamaica,2018,
Jamaica,2019,
Jamaica,2020,10.1
Japan,1990,10.71
Japan,1991,
Japan,1992,
Japan,1993,
Japan,1994,
Japan,1995,11.26
Japan,1996,
Japan,1997,
Japan,1998,
Japan,1999,
Japan,2000,11.77
Japan,2001,
Japan,2002,
Japan,2003,
Japan,2004,
Japan,2005,12.12
Japan,2006,
Japan,2007,
Japan,2008,
Japan,2009,
Japan,2010,12.44
Japan,2011,
Japan,2012,
Japan,2013,
Japan,2014,
Japan,2015,12.6
Japan,2016,
Japan,2017,
Japan,2018,
Japan,2019,
Japan,2020,12.83
Jordan,1990,7.02
Jordan,1991,
Jordan,1992,
Jordan,1993,
Jordan,1994,
Jordan,1995,7.89
Jordan,1996,
Jordan,1997,
Jordan,1998,
Jordan,1999,
Jordan,2000,8.72
Jordan,2001,
Jordan,2002,
Jordan,2003,
Jordan,2004,
Jordan,2005,9.42
Jordan,2006,
Jordan,2007,
Jordan,2008,
Jordan,2009,
Jordan,2010,9.92
Jordan,2011,
Jordan,2012,
Jordan,2013,
Jordan,2014,
Jordan,2015,10.5
Jordan,2016,
Jordan,2017,
Jordan,2018,
Jordan,2019,
Jordan,2020,10.81
Kenya,1990,5.05
Kenya,1991,
Kenya,1992,
Kenya,1993,
Kenya,1994,
Kenya,1995,5.5
Kenya,1996,
Kenya,1997,
Kenya,1998,
Kenya,1999,
Kenya,2000,5.91
Kenya,2001,
Kenya,2002,
Kenya,2003,
Kenya,2004,
Kenya,2005,6.48
Kenya,2006,
Kenya,2007,
Kenya,2008,
Kenya,2009,
Kenya,2010,6.47
Kenya,2011,
Kenya,2012,
Kenya,2013,
Kenya,2014,
Kenya,2015,6.28
Kenya,2016,
Kenya,2017,
Kenya,2018,
Kenya,2019,
Kenya,2020,6.73
Kuwait,1990,5.92
Kuwait,1991,
Kuwait,1992,
Kuwait,1993,
Kuwait,1994,
Kuwait,1995,6.15
Kuwait,1996,
Kuwait,1997,
Kuwait,1998,
Kuwait,1999,
Kuwait,2000,6.12
Kuwait,2001,
Kuwait,2002,
Kuwait,2003,
Kuwait,2004,
Kuwait,2005,6.14
Kuwait,2006,
Kuwait,2007,
Kuwait,2008,
Kuwait,2009,
Kuwait,2010,6.39
Kuwait,2011,
Kuwait,2012,
Kuwait,2013,
Kuwait,2014,
Kuwait,2015,6.49
Kuwait,2016,
Kuwait,2017,
Kuwait,2018,
Kuwait,2019,
Kuwait,2020,6.62
Lesotho,1990,5.25
Lesotho,1991,
Lesotho,1992,
Lesotho,1993,
Lesotho,1994,
Lesotho,1995,5.8
Lesotho,1996,
Lesotho,1997,
Lesotho,1998,
Lesotho,1999,
Lesotho,2000,6.37
Lesotho,2001,
Lesotho,2002,
Lesotho,2003,
Lesotho,2004,
Lesotho,2005,7.21
Lesotho,2006,
Lesotho,2007,
Lesotho,2008,
Lesotho,2009,
Lesotho,2010,6.08
Lesotho,2011,
Lesotho,2012,
Lesotho,2013,
Lesotho,2014,
Lesotho,2015,6.44
Lesotho,2016,
Lesotho,2017,
Lesotho,2018,
Lesotho,2019,
Lesotho,2020,6.88
Liberia,1990,3.08
Liberia,1991,
Liberia,1992,
Liberia,1993,
Liberia,1994,
Liberia,1995,3.17
Liberia,1996,
Liberia,1997,
Liberia,1998,
Liberia,1999,
Liberia,2000,3.6
Liberia,2001,
Liberia,2002,
Liberia,2003,
Liberia,2004,
Liberia,2005,3.96
Liberia,2006,
Liberia,2007,
Liberia,2008,
Liberia,2009,
Liberia,2010,4.35
Liberia,2011,
Liberia,2012,
Liberia,2013,
Liberia,2014,
Liberia,2015,5.06
Liberia,2016,
Liberia,2017,
Liberia,2018,
Liberia,2019,
Liberia,2020,5.8
Libya,1990,5.42
Libya,1991,
Libya,1992,
Libya,1993,
Libya,1994,
Libya,1995,6.13
Libya,1996,
Libya,1997,
Libya,1998,
Libya,1999,
Libya,2000,7.04
Libya,2001,
Libya,2002,
Libya,2003,
Libya,2004,
Libya,2005,7.79
Libya,2006,
Libya,2007,
Libya,2008,
Libya,2009,
Libya,2010,8.43
Libya,2011,
Libya,2012,
Libya,2013,
Libya,2014,
Libya,2015,9.05
Libya,2016,
Libya,2017,
Libya,2018,
Libya,2019,
Libya,2020,9.57
Luxembourg,1990,9.24
Luxembourg,1991,
Luxembourg,1992,
Luxembourg,1993,
Luxembourg,1994,
Luxembourg,1995,9.57
Luxembourg,1996,
Luxembourg,1997,
Luxembourg,1998,
Luxembourg,1999,
Luxembourg,2000,9.92
Luxembourg,2001,
Luxembourg,2002,
Luxembourg,2003,
Luxembourg,2004,
Luxembourg,2005,10.59
Luxembourg,2006,
Luxembourg,2007,
Luxembourg,2008,
Luxembourg,2009,
Luxembourg,2010,11.33
Luxembourg,2011,
Luxembourg,2012,
Luxembourg,2013,
Luxembourg,2014,
Luxembourg,2015,11.41
Luxembourg,2016,
Luxembourg,2017,
Luxembourg,2018,
Luxembourg,2019,
Luxembourg,2020,11.53
Malawi,1990,3.14
Malawi,1991,
Malawi,1992,
Malawi,1993,
Malawi,1994,
Malawi,1995,3.3
Malawi,1996,
Malawi,1997,
Malawi,1998,
Malawi,1999,
Malawi,2000,3.73
Malawi,2001,
Malawi,2002,
Malawi,2003,
Malawi,2004,
Malawi,2005,4.67
Malawi,2006,
Malawi,2007,
Malawi,2008,
Malawi,2009,
Malawi,2010,5.01
Malawi,2011,
Malawi,2012,
Malawi,2013,
Malawi,2014,
Malawi,2015,4.86
Malawi,2016,
Malawi,2017,
Malawi,2018,
Malawi,2019,
Malawi,2020,5.41
Malaysia,1990,8.01
Malaysia,1991,
Malaysia,1992,
Malaysia,1993,
Malaysia,1994,
Malaysia,1995,8.66
Malaysia,1996,
Malaysia,1997,
Malaysia,1998,
Malaysia,1999,
Malaysia,2000,9.49
Malaysia,2001,
Malaysia,2002,
Malaysia,2003,
Malaysia,2004,
Malaysia,2005,10.16
Malaysia,2006,
Malaysia,2007,
Malaysia,2008,
Malaysia,2009,
Malaysia,2010,10.89
Malaysia,2011,
Malaysia,2012,
Malaysia,2013,
Malaysia,2014,
Malaysia,2015,11.49
Malaysia,2016,
Malaysia,2017,
Malaysia,2018,
Malaysia,2019,
Malaysia,2020,11.96
Mali,1990,0.95
Mali,1991,
Mali,1992,
Mali,1993,
Mali,1994,
Mali,1995,1.07
Mali,1996,
Mali,1997,
Mali,1998,
Mali,1999,
Mali,2000,1.3
Mali,2001,
Mali,2002,
Mali,2003,
Mali,2004,
Mali,2005,1.81
Mali,2006,
Mali,2007,
Mali,2008,
Mali,2009,
Mali,2010,2.14
Mali,2011,
Mali,2012,
Mali,2013,
Mali,2014,
Mali,2015,2.78
Mali,2016,
Mali,2017,
Mali,2018,
Mali,2019,
Mali,2020,3.55
Malta,1990,9.19
Malta,1991,
Malta,1992,
Malta,1993,
Malta,1994,
Malta,1995,10.06
Malta,1996,
Malta,1997,
Malta,1998,
Malta,1999,
Malta,2000,10.43
Malta,2001,
Malta,2002,
Malta,2003,
Malta,2004,
Malta,2005,10.6
Malta,2006,
Malta,2007,
Malta,2008,
Malta,2009,
Malta,2010,11.06
Malta,2011,
Malta,2012,
Malta,2013,
Malta,2014,
Malta,2015,11.53
Malta,2016,
Malta,2017,
Malta,2018,
Malta,2019,
Malta,2020,12.09
Mauritius,1990,6.85
Mauritius,1991,
Mauritius,1992,
Mauritius,1993,
Mauritius,1994,
Mauritius,1995,7.07
Mauritius,1996,
Mauritius,1997,
Mauritius,1998,
Mauritius,1999,
Mauritius,2000,7.07
Mauritius,2001,
Mauritius,2002,
Mauritius,2003,
Mauritius,2004,
Mauritius,2005,8.16
Mauritius,2006,
Mauritius,2007,
Mauritius,2008,
Mauritius,2009,
Mauritius,2010,9.44
Mauritius,2011,
Mauritius,2012,
Mauritius,2013,
Mauritius,2014,
Mauritius,2015,9.9
Mauritius,2016,
Mauritius,2017,
Mauritius,2018,
Mauritius,2019,
Mauritius,2020,10.4
Mexico,1990,6.68
Mexico,1991,
Mexico,1992,
Mexico,1993,
Mexico,1994,
Mexico,1995,7.37
Mexico,1996,
Mexico,1997,
Mexico,1998,
Mexico,1999,
Mexico,2000,7.96
Mexico,2001,
Mexico,2002,
Mexico,2003,
Mexico,2004,
Mexico,2005,8.9
Mexico,2006,
Mexico,2007,
Mexico,2008,
Mexico,2009,
Mexico,2010,9.18
Mexico,2011,
Mexico,2012,
Mexico,2013,
Mexico,2014,
Mexico,2015,9.65
Mexico,2016,
Mexico,2017,
Mexico,2018,
Mexico,2019,
Mexico,2020,10.18
Morocco,1990,3.05
Morocco,1991,
Morocco,1992,
Morocco,1993,
Morocco,1994,
Morocco,1995,3.64
Morocco,1996,
Morocco,1997,
Morocco,1998,
Morocco,1999,
Morocco,2000,4.09
Morocco,2001,
Morocco,2002,
Morocco,2003,
Morocco,2004,
Morocco,2005,4.63
Morocco,2006,
Morocco,2007,
Morocco,2008,
Morocco,2009,
Morocco,2010,5.27
Morocco,2011,
Morocco,2012,
Morocco,2013,
Morocco,2014,
Morocco,2015,6.15
Morocco,2016,
Morocco,2017,
Morocco,2018,
Morocco,2019,
Morocco,2020,6.83
Mozambique,1990,1.06
Mozambique,1991,
Mozambique,1992,
Mozambique,1993,
Mozambique,1994,
Mozambique,1995,0.98
Mozambique,1996,
Mozambique,1997,
Mozambique,1998,
Mozambique,1999,
Mozambique,2000,1.13
Mozambique,2001,
Mozambique,2002,
Mozambique,2003,
Mozambique,2004,
Mozambique,2005,1.34
Mozambique,2006,
Mozambique,2007,
Mozambique,2008,
Mozambique,2009,
Mozambique,2010,2.03
Mozambique,2011,
Mozambique,2012,
Mozambique,2013,
Mozambique,2014,
Mozambique,2015,3.31
Mozambique,2016,
Mozambique,2017,
Mozambique,2018,
Mozambique,2019,
Mozambique,2020,4.22
Myanmar,1990,2.99
Myanmar,1991,
Myanmar,1992,
Myanmar,1993,
Myanmar,1994,
Myanmar,1995,3.4
Myanmar,1996,
Myanmar,1997,
Myanmar,1998,
Myanmar,1999,
Myanmar,2000,3.89
Myanmar,2001,
Myanmar,2002,
Myanmar,2003,
Myanmar,2004,
Myanmar,2005,4.45
Myanmar,2006,
Myanmar,2007,
Myanmar,2008,
Myanmar,2009,
Myanmar,2010,5.11
Myanmar,2011,
Myanmar,2012,
Myanmar,2013,
Myanmar,2014,
Myanmar,2015,5.9
Myanmar,2016,
Myanmar,2017,
Myanmar,2018,
Myanmar,2019,
Myanmar,2020,6.48
Nepal,1990,2.58
Nepal,1991,
Nepal,1992,
Nepal,1993,
Nepal,1994,
Nepal,1995,2.76
Nepal,1996,
Nepal,1997,
Nepal,1998,
Nepal,1999,
Nepal,2000,3.13
Nepal,2001,
Nepal,2002,
Nepal,2003,
Nepal,2004,
Nepal,2005,3.74
Nepal,2006,
Nepal,2007,
Nepal,2008,
Nepal,2009,
Nepal,2010,4.44
Nepal,2011,
Nepal,2012,
Nepal,2013,
Nepal,2014,
Nepal,2015,5.44
Nepal,2016,
Nepal,2017,
Nepal,2018,
Nepal,2019,
Nepal,2020,6.19
Netherlands,1990,10.59
Netherlands,1991,
Netherlands,1992,
Netherlands,1993,
Netherlands,1994,
Netherlands,1995,10.88
Netherlands,1996,
Netherlands,1997,
Netherlands,1998,
Netherlands,1999,
Netherlands,2000,11.14
Netherlands,2001,
Netherlands,2002,
Netherlands,2003,
Netherlands,2004,
Netherlands,2005,11.15
Netherlands,2006,
Netherlands,2007,
Netherlands,2008,
Netherlands,2009,
Netherlands,2010,11.71
Netherlands,2011,
Netherlands,2012,
Netherlands,2013,
Netherlands,2014,
Netherlands,2015,11.74
Netherlands,2016,
Netherlands,2017,
Netherlands,2018,
Netherlands,2019,
Netherlands,2020,11.82
New Zealand,1990,11.69
New Zealand,1991,
New Zealand,1992,
New Zealand,1993,
New Zealand,1994,
New Zealand,1995,11.81
New Zealand,1996,
New Zealand,1997,
New Zealand,1998,
New Zealand,1999,
New Zealand,2000,11.98
New Zealand,2001,
New Zealand,2002,
New Zealand,2003,
New Zealand,2004,
New Zealand,2005,12
New Zealand,2006,
New Zealand,2007,
New Zealand,2008,
New Zealand,2009,
New Zealand,2010,11.12
New Zealand,2011,
New Zealand,2012,
New Zealand,2013,
New Zealand,2014,
New Zealand,2015,10.91
New Zealand,2016,
New Zealand,2017,
New Zealand,2018,
New Zealand,2019,
New Zealand,2020,10.81
Nicaragua,1990,4.64
Nicaragua,1991,
Nicaragua,1992,
Nicaragua,1993,
Nicaragua,1994,
Nicaragua,1995,5.19
Nicaragua,1996,
Nicaragua,1997,
Nicaragua,1998,
Nicaragua,1999,
Nicaragua,2000,5.7
Nicaragua,2001,
Nicaragua,2002,
Nicaragua,2003,
Nicaragua,2004,
Nicaragua,2005,6.28
Nicaragua,2006,
Nicaragua,2007,
Nicaragua,2008,
Nicaragua,2009,
Nicaragua,2010,6.82
Nicaragua,2011,
Nicaragua,2012,
Nicaragua,2013,
Nicaragua,2014,
Nicaragua,2015,7.25
Nicaragua,2016,
Nicaragua,2017,
Nicaragua,2018,
Nicaragua,2019,
Nicaragua,2020,7.76
Niger,1990,1.08
Niger,1991,
Niger,1992,
Niger,1993,
Niger,1994,
Niger,1995,1.28
Niger,1996,
Niger,1997,
Niger,1998,
Niger,1999,
Niger,2000,1.43
Niger,2001,
Niger,2002,
Niger,2003,
Niger,2004,
Niger,2005,1.62
Niger,2006,
Niger,2007,
Niger,2008,
Niger,2009,
Niger,2010,1.95
Niger,2011,
Niger,2012,
Niger,2013,
Niger,2014,
Niger,2015,2.44
Niger,2016,
Niger,2017,
Niger,2018,
Niger,2019,
Niger,2020,3.04
North America,1990,10.354489
North America,1991,
North America,1992,
North America,1993,
North America,1994,
North America,1995,10.70915
North America,1996,
North America,1997,
North America,1998,
North America,1999,
North America,2000,11.041485
North America,2001,
North America,2002,
North America,2003,
North America,2004,
North America,2005,11.279681
North America,2006,
North America,2007,
North America,2008,
North America,2009,
North America,2010,11.529182
North America,2011,
North America,2012,
North America,2013,
North America,2014,
North America,2015,11.672196
North America,2016,
North America,2017,
North America,2018,
North America,2019,
North America,2020,11.858304
Norway,1990,10.79
Norway,1991,
Norway,1992,
Norway,1993,
Norway,1994,
Norway,1995,11.31
Norway,1996,
Norway,1997,
Norway,1998,
Norway,1999,
Norway,2000,11.56
Norway,2001,
Norway,2002,
Norway,2003,
Norway,2004,
Norway,2005,11.91
Norway,2006,
Norway,2007,
Norway,2008,
Norway,2009,
Norway,2010,11.65
Norway,2011,
Norway,2012,
Norway,2013,
Norway,2014,
Norway,2015,12.11
Norway,2016,
Norway,2017,
Norway,2018,
Norway,2019,
Norway,2020,12.08
Oceania,1990,11.399124
Oceania,1991,
Oceania,1992,
Oceania,1993,
Oceania,1994,
Oceania,1995,11.515684
Oceania,1996,
Oceania,1997,
Oceania,1998,
Oceania,1999,
Oceania,2000,11.420038
Oceania,2001,
Oceania,2002,
Oceania,2003,
Oceania,2004,
Oceania,2005,11.68984
Oceania,2006,
Oceania,2007,
Oceania,2008,
Oceania,2009,
Oceania,2010,11.554677
Oceania,2011,
Oceania,2012,
Oceania,2013,
Oceania,2014,
Oceania,2015,10.736295
Oceania,2016,
Oceania,2017,
Oceania,2018,
Oceania,2019,
Oceania,2020,10.736105
Pakistan,1990,3.05
Pakistan,1991,
Pakistan,1992,
Pakistan,1993,
Pakistan,1994,
Pakistan,1995,3.52
Pakistan,1996,
Pakistan,1997,
Pakistan,1998,
Pakistan,1999,
Pakistan,2000,4.04
Pakistan,2001,
Pakistan,2002,
Pakistan,2003,
Pakistan,2004,
Pakistan,2005,5.05
Pakistan,2006,
Pakistan,2007,
Pakistan,2008,
Pakistan,2009,
Pakistan,2010,5.22
Pakistan,2011,
Pakistan,2012,
Pakistan,2013,
Pakistan,2014,
Pakistan,2015,5.89
Pakistan,2016,
Pakistan,2017,
Pakistan,2018,
Pakistan,2019,
Pakistan,2020,6.41
Panama,1990,8.08
Panama,1991,
Panama,1992,
Panama,1993,
Panama,1994,
Panama,1995,8.71
Panama,1996,
Panama,1997,
Panama,1998,
Panama,1999,
Panama,2000,9.24
Panama,2001,
Panama,2002,
Panama,2003,
Panama,2004,
Panama,2005,9.51
Panama,2006,
Panama,2007,
Panama,2008,
Panama,2009,
Panama,2010,9.72
Panama,2011,
Panama,2012,
Panama,2013,
Panama,2014,
Panama,2015,10.06
Panama,2016,
Panama,2017,
Panama,2018,
Panama,2019,
Panama,2020,10.44
Paraguay,1990,6.43
Paraguay,1991,
Paraguay,1992,
Paraguay,1993,
Paraguay,1994,
Paraguay,1995,6.4
Paraguay,1996,
Paraguay,1997,
Paraguay,1998,
Paraguay,1999,
Paraguay,2000,6.55
Paraguay,2001,
Paraguay,2002,
Paraguay,2003,
Paraguay,2004,
Paraguay,2005,8.03
Paraguay,2006,
Paraguay,2007,
Paraguay,2008,
Paraguay,2009,
Paraguay,2010,7.99
Paraguay,2011,
Paraguay,2012,
Paraguay,2013,
Paraguay,2014,
Paraguay,2015,8.4
Paraguay,2016,
Paraguay,2017,
Paraguay,2018,
Paraguay,2019,
Paraguay,2020,8.83
Peru,1990,7.39
Peru,1991,
Peru,1992,
Peru,1993,
Peru,1994,
Peru,1995,8.09
Peru,1996,
Peru,1997,
Peru,1998,
Peru,1999,
Peru,2000,9.05
Peru,2001,
Peru,2002,
Peru,2003,
Peru,2004,
Peru,2005,9.88
Peru,2006,
Peru,2007,
Peru,2008,
Peru,2009,
Peru,2010,9.28
Peru,2011,
Peru,2012,
Peru,2013,
Peru,2014,
Peru,2015,9.61
Peru,2016,
Peru,2017,
Peru,2018,
Peru,2019,
Peru,2020,9.96
Philippines,1990,7.15
Philippines,1991,
Philippines,1992,
Philippines,1993,
Philippines,1994,
Philippines,1995,7.59
Philippines,1996,
Philippines,1997,
Philippines,1998,
Philippines,1999,
Philippines,2000,7.96
Philippines,2001,
Philippines,2002,
Philippines,2003,
Philippines,2004,
Philippines,2005,8.27
Philippines,2006,
Philippines,2007,
Philippines,2008,
Philippines,2009,
Philippines,2010,8.65
Philippines,2011,
Philippines,2012,
Philippines,2013,
Philippines,2014,
Philippines,2015,9.14
Philippines,2016,
Philippines,2017,
Philippines,2018,
Philippines,2019,
Philippines,2020,9.44
Poland,1990,9.75
Poland,1991,
Poland,1992,
Poland,1993,
Poland,1994,
Poland,1995,10.32
Poland,1996,
Poland,1997,
Poland,1998,
Poland,1999,
Poland,2000,10.74
Poland,2001,
Poland,2002,
Poland,2003,
Poland,2004,
Poland,2005,11.36
Poland,2006,
Poland,2007,
Poland,2008,
Poland,2009,
Poland,2010,11.62
Poland,2011,
Poland,2012,
Poland,2013,
Poland,2014,
Poland,2015,11.84
Poland,2016,
Poland,2017,
Poland,2018,
Poland,2019,
Poland,2020,12.01
Portugal,1990,6.73
Portugal,1991,
Portugal,1992,
Portugal,1993,
Portugal,1994,
Portugal,1995,7.49
Portugal,1996,
Portugal,1997,
Portugal,1998,
Portugal,1999,
Portugal,2000,8.41
Portugal,2001,
Portugal,2002,
Portugal,2003,
Portugal,2004,
Portugal,2005,8.12
Portugal,2006,
Portugal,2007,
Portugal,2008,
Portugal,2009,
Portugal,2010,8.71
Portugal,2011,
Portugal,2012,
Portugal,2013,
Portugal,2014,
Portugal,2015,9.14
Portugal,2016,
Portugal,2017,
Portugal,2018,
Portugal,2019,
Portugal,2020,9.56
Reunion,1990,6.46
Reunion,1991,
Reunion,1992,
Reunion,1993,
Reunion,1994,
Reunion,1995,6.97
Reunion,1996,
Reunion,1997,
Reunion,1998,
Reunion,1999,
Reunion,2000,7.42
Reunion,2001,
Reunion,2002,
Reunion,2003,
Reunion,2004,
Reunion,2005,7.85
Reunion,2006,
Reunion,2007,
Reunion,2008,
Reunion,2009,
Reunion,2010,8.29
Reunion,2011,
Reunion,2012,
Reunion,2013,
Reunion,2014,
Reunion,2015,8.5
Reunion,2016,
Reunion,2017,
Reunion,2018,
Reunion,2019,
Reunion,2020,8.71
Romania,1990,9.84
Romania,1991,
Romania,1992,
Romania,1993,
Romania,1994,
Romania,1995,10.37
Romania,1996,
Romania,1997,
Romania,1998,
Romania,1999,
Romania,2000,10.7
Romania,2001,
Romania,2002,
Romania,2003,
Romania,2004,
Romania,2005,10.89
Romania,2006,
Romania,2007,
Romania,2008,
Romania,2009,
Romania,2010,11.24
Romania,2011,
Romania,2012,
Romania,2013,
Romania,2014,
Romania,2015,11.07
Romania,2016,
Romania,2017,
Romania,2018,
Romania,2019,
Romania,2020,11.28
Russia,1990,10.21
Russia,1991,
Russia,1992,
Russia,1993,
Russia,1994,
Russia,1995,10.73
Russia,1996,
Russia,1997,
Russia,1998,
Russia,1999,
Russia,2000,11.54
Russia,2001,
Russia,2002,
Russia,2003,
Russia,2004,
Russia,2005,11.76
Russia,2006,
Russia,2007,
Russia,2008,
Russia,2009,
Russia,2010,12.02
Russia,2011,
Russia,2012,
Russia,2013,
Russia,2014,
Russia,2015,11.56
Russia,2016,
Russia,2017,
Russia,2018,
Russia,2019,
Russia,2020,11.6
Senegal,1990,2.37
Senegal,1991,
Senegal,1992,
Senegal,1993,
Senegal,1994,
Senegal,1995,2.26
Senegal,1996,
Senegal,1997,
Senegal,1998,
Senegal,1999,
Senegal,2000,1.98
Senegal,2001,
Senegal,2002,
Senegal,2003,
Senegal,2004,
Senegal,2005,1.67
Senegal,2006,
Senegal,2007,
Senegal,2008,
Senegal,2009,
Senegal,2010,3.11
Senegal,2011,
Senegal,2012,
Senegal,2013,
Senegal,2014,
Senegal,2015,3.73
Senegal,2016,
Senegal,2017,
Senegal,2018,
Senegal,2019,
Senegal,2020,4.4
Serbia,1990,8.15
Serbia,1991,
Serbia,1992,
Serbia,1993,
Serbia,1994,
Serbia,1995,8.88
Serbia,1996,
Serbia,1997,
Serbia,1998,
Serbia,1999,
Serbia,2000,9.52
Serbia,2001,
Serbia,2002,
Serbia,2003,
Serbia,2004,
Serbia,2005,10.6
Serbia,2006,
Serbia,2007,
Serbia,2008,
Serbia,2009,
Serbia,2010,11.52
Serbia,2011,
Serbia,2012,
Serbia,2013,
Serbia,2014,
Serbia,2015,11.49
Serbia,2016,
Serbia,2017,
Serbia,2018,
Serbia,2019,
Serbia,2020,11.72
Sierra Leone,1990,2.17
Sierra Leone,1991,
Sierra Leone,1992,
Sierra Leone,1993,
Sierra Leone,1994,
Sierra Leone,1995,2.55
Sierra Leone,1996,
Sierra Leone,1997,
Sierra Leone,1998,
Sierra Leone,1999,
Sierra Leone,2000,2.9
Sierra Leone,2001,
Sierra Leone,2002,
Sierra Leone,2003,
Sierra Leone,2004,
Sierra Leone,2005,3.36
Sierra Leone,2006,
Sierra Leone,2007,
Sierra Leone,2008,
Sierra Leone,2009,
Sierra Leone,2010,4.28
Sierra Leone,2011,
Sierra Leone,2012,
Sierra Leone,2013,
Sierra Leone,2014,
Sierra Leone,2015,4.23
Sierra Leone,2016,
Sierra Leone,2017,
Sierra Leone,2018,
Sierra Leone,2019,
Sierra Leone,2020,4.99
South Africa,1990,6.89
South Africa,1991,
South Africa,1992,
South Africa,1993,
South Africa,1994,
South Africa,1995,8.37
South Africa,1996,
South Africa,1997,
South Africa,1998,
South Africa,1999,
South Africa,2000,7.92
South Africa,2001,
South Africa,2002,
South Africa,2003,
South Africa,2004,
South Africa,2005,8.86
South Africa,2006,
South Africa,2007,
South Africa,2008,
South Africa,2009,
South Africa,2010,9.89
South Africa,2011,
South Africa,2012,
South Africa,2013,
South Africa,2014,
South Africa,2015,10.15
South Africa,2016,
South Africa,2017,
South Africa,2018,
South Africa,2019,
South Africa,2020,10.47
South America,1990,6.052577
South America,1991,
South America,1992,
South America,1993,
South America,1994,
South America,1995,6.7083187
South America,1996,
South America,1997,
South America,1998,
South America,1999,
South America,2000,7.4435296
South America,2001,
South America,2002,
South America,2003,
South America,2004,
South America,2005,8.177308
South America,2006,
South America,2007,
South America,2008,
South America,2009,
South America,2010,8.695377
South America,2011,
South America,2012,
South America,2013,
South America,2014,
South America,2015,8.554252
South America,2016,
South America,2017,
South America,2018,
South America,2019,
South America,2020,8.909957
South Korea,1990,10.46
South Korea,1991,
South Korea,1992,
South Korea,1993,
South Korea,1994,
South Korea,1995,11.17
South Korea,1996,
South Korea,1997,
South Korea,1998,
South Korea,1999,
South Korea,2000,11.8
South Korea,2001,
South Korea,2002,
South Korea,2003,
South Korea,2004,
South Korea,2005,12.27
South Korea,2006,
South Korea,2007,
South Korea,2008,
South Korea,2009,
South Korea,2010,12.96
South Korea,2011,
South Korea,2012,
South Korea,2013,
South Korea,2014,
South Korea,2015,13.33
South Korea,2016,
South Korea,2017,
South Korea,2018,
South Korea,2019,
South Korea,2020,13.68
Spain,1990,7.51
Spain,1991,
Spain,1992,
Spain,1993,
Spain,1994,
Spain,1995,8.72
Spain,1996,
Spain,1997,
Spain,1998,
Spain,1999,
Spain,2000,9.65
Spain,2001,
Spain,2002,
Spain,2003,
Spain,2004,
Spain,2005,10.64
Spain,2006,
Spain,2007,
Spain,2008,
Spain,2009,
Spain,2010,10.75
Spain,2011,
Spain,2012,
Spain,2013,
Spain,2014,
Spain,2015,11.24
Spain,2016,
Spain,2017,
Spain,2018,
Spain,2019,
Spain,2020,11.51
Sri Lanka,1990,8.9
Sri Lanka,1991,
Sri Lanka,1992,
Sri Lanka,1993,
Sri Lanka,1994,
Sri Lanka,1995,9.83
Sri Lanka,1996,
Sri Lanka,1997,
Sri Lanka,1998,
Sri Lanka,1999,
Sri Lanka,2000,10.77
Sri Lanka,2001,
Sri Lanka,2002,
Sri Lanka,2003,
Sri Lanka,2004,
Sri Lanka,2005,10.83
Sri Lanka,2006,
Sri Lanka,2007,
Sri Lanka,2008,
Sri Lanka,2009,
Sri Lanka,2010,10.67
Sri Lanka,2011,
Sri Lanka,2012,
Sri Lanka,2013,
Sri Lanka,2014,
Sri Lanka,2015,10.09
Sri Lanka,2016,
Sri Lanka,2017,
Sri Lanka,2018,
Sri Lanka,2019,
Sri Lanka,2020,10.33
Sudan,1990,2.4
Sudan,1991,
Sudan,1992,
Sudan,1993,
Sudan,1994,
Sudan,1995,2.78
Sudan,1996,
Sudan,1997,
Sudan,1998,
Sudan,1999,
Sudan,2000,3.09
Sudan,2001,
Sudan,2002,
Sudan,2003,
Sudan,2004,
Sudan,2005,3.31
Sudan,2006,
Sudan,2007,
Sudan,2008,
Sudan,2009,
Sudan,2010,3.49
Sudan,2011,
Sudan,2012,
Sudan,2013,
Sudan,2014,
Sudan,2015,3.85
Sudan,2016,
Sudan,2017,
Sudan,2018,
Sudan,2019,
Sudan,2020,4.38
Sweden,1990,11.03
Sweden,1991,
Sweden,1992,
Sweden,1993,
Sweden,1994,
Sweden,1995,11.41
Sweden,1996,
Sweden,1997,
Sweden,1998,
Sweden,1999,
Sweden,2000,11.72
Sweden,2001,
Sweden,2002,
Sweden,2003,
Sweden,2004,
Sweden,2005,11.86
Sweden,2006,
Sweden,2007,
Sweden,2008,
Sweden,2009,
Sweden,2010,11.95
Sweden,2011,
Sweden,2012,
Sweden,2013,
Sweden,2014,
Sweden,2015,11.89
Sweden,2016,
Sweden,2017,
Sweden,2018,
Sweden,2019,
Sweden,2020,11.93
Switzerland,1990,10.54
Switzerland,1991,
Switzerland,1992,
Switzerland,1993,
Switzerland,1994,
Switzerland,1995,10.41
Switzerland,1996,
Switzerland,1997,
Switzerland,1998,
Switzerland,1999,
Switzerland,2000,10.14
Switzerland,2001,
Switzerland,2002,
Switzerland,2003,
Switzerland,2004,
Switzerland,2005,10.82
Switzerland,2006,
Switzerland,2007,
Switzerland,2008,
Switzerland,2009,
Switzerland,2010,12.92
Switzerland,2011,
Switzerland,2012,
Switzerland,2013,
Switzerland,2014,
Switzerland,2015,12.95
Switzerland,2016,
Switzerland,2017,
Switzerland,2018,
Switzerland,2019,
Switzerland,2020,12.97
Syria,1990,4.68
Syria,1991,
Syria,1992,
Syria,1993,
Syria,1994,
Syria,1995,4.77
Syria,1996,
Syria,1997,
Syria,1998,
Syria,1999,
Syria,2000,4.79
Syria,2001,
Syria,2002,
Syria,2003,
Syria,2004,
Syria,2005,6.12
Syria,2006,
Syria,2007,
Syria,2008,
Syria,2009,
Syria,2010,7.07
Syria,2011,
Syria,2012,
Syria,2013,
Syria,2014,
Syria,2015,7.44
Syria,2016,
Syria,2017,
Syria,2018,
Syria,2019,
Syria,2020,7.92
Taiwan,1990,8.68
Taiwan,1991,
Taiwan,1992,
Taiwan,1993,
Taiwan,1994,
Taiwan,1995,9.55
Taiwan,1996,
Taiwan,1997,
Taiwan,1998,
Taiwan,1999,
Taiwan,2000,10.38
Taiwan,2001,
Taiwan,2002,
Taiwan,2003,
Taiwan,2004,
Taiwan,2005,11.35
Taiwan,2006,
Taiwan,2007,
Taiwan,2008,
Taiwan,2009,
Taiwan,2010,11.96
Taiwan,2011,
Taiwan,2012,
Taiwan,2013,
Taiwan,2014,
Taiwan,2015,12.37
Taiwan,2016,
Taiwan,2017,
Taiwan,2018,
Taiwan,2019,
Taiwan,2020,12.76
Thailand,1990,5.21
Thailand,1991,
Thailand,1992,
Thailand,1993,
Thailand,1994,
Thailand,1995,5.79
Thailand,1996,
Thailand,1997,
Thailand,1998,
Thailand,1999,
Thailand,2000,6.09
Thailand,2001,
Thailand,2002,
Thailand,2003,
Thailand,2004,
Thailand,2005,7.46
Thailand,2006,
Thailand,2007,
Thailand,2008,
Thailand,2009,
Thailand,2010,8.47
Thailand,2011,
Thailand,2012,
Thailand,2013,
Thailand,2014,
Thailand,2015,8.71
Thailand,2016,
Thailand,2017,
Thailand,2018,
Thailand,2019,
Thailand,2020,9.32
Togo,1990,4.3
Togo,1991,
Togo,1992,
Togo,1993,
Togo,1994,
Togo,1995,4.62
Togo,1996,
Togo,1997,
Togo,1998,
Togo,1999,
Togo,2000,5.05
Togo,2001,
Togo,2002,
Togo,2003,
Togo,2004,
Togo,2005,5.44
Togo,2006,
Togo,2007,
Togo,2008,
Togo,2009,
Togo,2010,6.09
Togo,2011,
Togo,2012,
Togo,2013,
Togo,2014,
Togo,2015,6.85
Togo,2016,
Togo,2017,
Togo,2018,
Togo,2019,
Togo,2020,7.68
Trinidad and Tobago,1990,8.71
Trinidad and Tobago,1991,
Trinidad and Tobago,1992,
Trinidad and Tobago,1993,
Trinidad and Tobago,1994,
Trinidad and Tobago,1995,9.22
Trinidad and Tobago,1996,
Trinidad and Tobago,1997,
Trinidad and Tobago,1998,
Trinidad and Tobago,1999,
Trinidad and Tobago,2000,9.72
Trinidad and Tobago,2001,
Trinidad and Tobago,2002,
Trinidad and Tobago,2003,
Trinidad and Tobago,2004,
Trinidad and Tobago,2005,10.27
Trinidad and Tobago,2006,
Trinidad and Tobago,2007,
Trinidad and Tobago,2008,
Trinidad and Tobago,2009,
Trinidad and Tobago,2010,10.96
Trinidad and Tobago,2011,
Trinidad and Tobago,2012,
Trinidad and Tobago,2013,
Trinidad and Tobago,2014,
Trinidad and Tobago,2015,11
Trinidad and Tobago,2016,
Trinidad and Tobago,2017,
Trinidad and Tobago,2018,
Trinidad and Tobago,2019,
Trinidad and Tobago,2020,11.28
Tunisia,1990,4.68
Tunisia,1991,
Tunisia,1992,
Tunisia,1993,
Tunisia,1994,
Tunisia,1995,5.48
Tunisia,1996,
Tunisia,1997,
Tunisia,1998,
Tunisia,1999,
Tunisia,2000,6.32
Tunisia,2001,
Tunisia,2002,
Tunisia,2003,
Tunisia,2004,
Tunisia,2005,7.21
Tunisia,2006,
Tunisia,2007,
Tunisia,2008,
Tunisia,2009,
Tunisia,2010,8
Tunisia,2011,
Tunisia,2012,
Tunisia,2013,
Tunisia,2014,
Tunisia,2015,8.63
Tunisia,2016,
Tunisia,2017,
Tunisia,2018,
Tunisia,2019,
Tunisia,2020,9.29
Turkey,1990,5.22
Turkey,1991,
Turkey,1992,
Turkey,1993,
Turkey,1994,
Turkey,1995,5.88
Turkey,1996,
Turkey,1997,
Turkey,1998,
Turkey,1999,
Turkey,2000,6.37
Turkey,2001,
Turkey,2002,
Turkey,2003,
Turkey,2004,
Turkey,2005,6.86
Turkey,2006,
Turkey,2007,
Turkey,2008,
Turkey,2009,
Turkey,2010,7.44
Turkey,2011,
Turkey,2012,
Turkey,2013,
Turkey,2014,
Turkey,2015,8.13
Turkey,2016,
Turkey,2017,
Turkey,2018,
Turkey,2019,
Turkey,2020,8.49
Uganda,1990,3.71
Uganda,1991,
Uganda,1992,
Uganda,1993,
Uganda,1994,
Uganda,1995,4.17
Uganda,1996,
Uganda,1997,
Uganda,1998,
Uganda,1999,
Uganda,2000,4.56
Uganda,2001,
Uganda,2002,
Uganda,2003,
Uganda,2004,
Uganda,2005,5.11
Uganda,2006,
Uganda,2007,
Uganda,2008,
Uganda,2009,
Uganda,2010,5.87
Uganda,2011,
Uganda,2012,
Uganda,2013,
Uganda,2014,
Uganda,2015,6.27
Uganda,2016,
Uganda,2017,
Uganda,2018,
Uganda,2019,
Uganda,2020,6.69
United Kingdom,1990,9.28
United Kingdom,1991,
United Kingdom,1992,
United Kingdom,1993,
United Kingdom,1994,
United Kingdom,1995,9.67
United Kingdom,1996,
United Kingdom,1997,
United Kingdom,1998,
United Kingdom,1999,
United Kingdom,2000,9.97
United Kingdom,2001,
United Kingdom,2002,
United Kingdom,2003,
United Kingdom,2004,
United Kingdom,2005,11.57
United Kingdom,2006,
United Kingdom,2007,
United Kingdom,2008,
United Kingdom,2009,
United Kingdom,2010,12.46
United Kingdom,2011,
United Kingdom,2012,
United Kingdom,2013,
United Kingdom,2014,
United Kingdom,2015,12.67
United Kingdom,2016,
United Kingdom,2017,
United Kingdom,2018,
United Kingdom,2019,
United Kingdom,2020,12.9
United States,1990,12.55
United States,1991,
United States,1992,
United States,1993,
United States,1994,
United States,1995,12.83
United States,1996,
United States,1997,
United States,1998,
United States,1999,
United States,2000,13.1
United States,2001,
United States,2002,
United States,2003,
United States,2004,
United States,2005,13.01
United States,2006,
United States,2007,
United States,2008,
United States,2009,
United States,2010,13.24
United States,2011,
United States,2012,
United States,2013,
United States,2014,
United States,2015,13.29
United States,2016,
United States,2017,
United States,2018,
United States,2019,
United States,2020,13.32
Uruguay,1990,7.71
Uruguay,1991,
Uruguay,1992,
Uruguay,1993,
Uruguay,1994,
Uruguay,1995,8.08
Uruguay,1996,
Uruguay,1997,
Uruguay,1998,
Uruguay,1999,
Uruguay,2000,8.36
Uruguay,2001,
Uruguay,2002,
Uruguay,2003,
Uruguay,2004,
Uruguay,2005,8.5
Uruguay,2006,
Uruguay,2007,
Uruguay,2008,
Uruguay,2009,
Uruguay,2010,8.61
Uruguay,2011,
Uruguay,2012,
Uruguay,2013,
Uruguay,2014,
Uruguay,2015,8.65
Uruguay,2016,
Uruguay,2017,
Uruguay,2018,
Uruguay,2019,
Uruguay,2020,8.76
Venezuela,1990,5.26
Venezuela,1991,
Venezuela,1992,
Venezuela,1993,
Venezuela,1994,
Venezuela,1995,6.11
Venezuela,1996,
Venezuela,1997,
Venezuela,1998,
Venezuela,1999,
Venezuela,2000,7.01
Venezuela,2001,
Venezuela,2002,
Venezuela,2003,
Venezuela,2004,
Venezuela,2005,7.8
Venezuela,2006,
Venezuela,2007,
Venezuela,2008,
Venezuela,2009,
Venezuela,2010,8.78
Venezuela,2011,
Venezuela,2012,
Venezuela,2013,
Venezuela,2014,
Venezuela,2015,9.02
Venezuela,2016,
Venezuela,2017,
Venezuela,2018,
Venezuela,2019,
Venezuela,2020,9.33
World,1990,6.2008367
World,1991,
World,1992,
World,1993,
World,1994,
World,1995,6.7548904
World,1996,
World,1997,
World,1998,
World,1999,
World,2000,7.30281
World,2001,
World,2002,
World,2003,
World,2004,
World,2005,7.7592955
World,2006,
World,2007,
World,2008,
World,2009,
World,2010,8.168049
World,2011,
World,2012,
World,2013,
World,2014,
World,2015,8.4781275
World,2016,
World,2017,
World,2018,
World,2019,
World,2020,8.840671
Yemen,1990,1.25
Yemen,1991,
Yemen,1992,
Yemen,1993,
Yemen,1994,
Yemen,1995,1.77
Yemen,1996,
Yemen,1997,
Yemen,1998,
Yemen,1999,
Yemen,2000,2.45
Yemen,2001,
Yemen,2002,
Yemen,2003,
Yemen,2004,
Yemen,2005,3.12
Yemen,2006,
Yemen,2007,
Yemen,2008,
Yemen,2009,
Yemen,2010,3.84
Yemen,2011,
Yemen,2012,
Yemen,2013,
Yemen,2014,
Yemen,2015,4.64
Yemen,2016,
Yemen,2017,
Yemen,2018,
Yemen,2019,
Yemen,2020,5.56
Zambia,1990,5.02
Zambia,1991,
Zambia,1992,
Zambia,1993,
Zambia,1994,
Zambia,1995,6.03
Zambia,1996,
Zambia,1997,
Zambia,1998,
Zambia,1999,
Zambia,2000,6.35
Zambia,2001,
Zambia,2002,
Zambia,2003,
Zambia,2004,
Zambia,2005,6.59
Zambia,2006,
Zambia,2007,
Zambia,2008,
Zambia,2009,
Zambia,2010,7.4
Zambia,2011,
Zambia,2012,
Zambia,2013,
Zambia,2014,
Zambia,2015,7.9
Zambia,2016,
Zambia,2017,
Zambia,2018,
Zambia,2019,
Zambia,2020,8.37
Zimbabwe,1990,5.97
Zimbabwe,1991,
Zimbabwe,1992,
Zimbabwe,1993,
Zimbabwe,1994,
Zimbabwe,1995,6.85
Zimbabwe,1996,
Zimbabwe,1997,
Zimbabwe,1998,
Zimbabwe,1999,
Zimbabwe,2000,7.26
Zimbabwe,2001,
Zimbabwe,2002,
Zimbabwe,2003,
Zimbabwe,2004,
Zimbabwe,2005,7.65
Zimbabwe,2006,
Zimbabwe,2007,
Zimbabwe,2008,
Zimbabwe,2009,
Zimbabwe,2010,7.86
Zimbabwe,2011,
Zimbabwe,2012,
Zimbabwe,2013,
Zimbabwe,2014,
Zimbabwe,2015,8.03
Zimbabwe,2016,
Zimbabwe,2017,
Zimbabwe,2018,
Zimbabwe,2019,
Zimbabwe,2020,8.32
